Nome da empresa,CNPJ,Endere√ßo,Email de contato,Telefone de contato
Anna Agricola Formosa,12345678912345,"Rua 2 de maio, 266",laianne.cst27@gmail.com,88992743151
dfasdf,asdaa,dasds,aaa,wwww
Anna Gostosa,12344555535345353,"rua 2 de maio, 266",laianne.cst27@gmail.com,88992743151
Anna Gostosa,123445555353453111,"rua 2 de maio, 266",laianne.cst27@gmail.com,88992743151
Anna Gostosa,123445555353453222,"rua 2 de maio, 266",laianne.cst27@gmail.com,88992743151
Anna Gostosa,12344555535341,"rua 2 de maio, 266",laianne.cst27@gmail.com,88992743151
Anna Gostosa,11111,"rua 2 de maio, 266",laianne.cst27@gmail.com,88992743151
Anna Gostosa,1111111,"rua 2 de maio, 266",laianne.cst27@gmail.com,88992743151
Anna Gostosa,1234567890,"rua 2 de maio, 266",laianne.cst27@gmail.com,88992743151
